Company,"Award Title",Agency,Branch,Phase,Program,"Agency Tracking Number",Contract,"Proposal Award Date","Contract End Date","Solicitation Number","Solicitation Year","Solicitation Close Date","Proposal Receipt Date","Date of Notification","Topic Code","Award Year","Award Amount",UEI,Duns,"HUBZone Owned","Socially and Economically Disadvantaged","Woman Owned","Number Employees","Company Website",Address1,Address2,City,State,Zip,"Contact Name","Contact Title","Contact Phone","Contact Email","PI Name","PI Title","PI Phone","PI Email","RI Name","RI POC Name","RI POC Phone"
"ECATE LLC","SBIR Phase II: A Novel Implantable System for Neurogenic Control","National Science Foundation",,"Phase II",SBIR,2527821,2527821,2026-08-28,2028-08-31,"NSF 24-580",2025,2025-03-05,2025-03-04,2026-08-24,MD,2026,1233655.0000,H87NNXN7AHJ3,061962925,N,Y,N,2,,"3686 BARHAM BLVD APT H301",,"LOS ANGELES",California,90068-1153,"  ",,,,"Alessandro  Maggi",,415-466-5465,maggi@ecate.tech,,"  ",
"EARTH MAPPING INTERNATIONAL, INC.","SBIR Phase II: Dynamic OneSource Geospatial Information System","National Science Foundation",,"Phase II",SBIR,2550085,2550085,2026-08-27,2028-08-31,"NSF 24-580",2025,2025-11-05,2025-08-31,2026-08-19,ET,2026,1250000.0000,VKUAMNMGPBF6,068960165,N,Y,N,6,www.earthmapping.com,"1365 COMMERCIAL CT",,NORCROSS,Georgia,30093-3857,"  ",,,,"Bishwa N Acharya",,678-294-9722,bishwa@earthmapping.com,,"  ",
"L5 AUTOMATION INC.","SBIR Phase II: Intelligent Robotic Foliage Manipulation for Faster Autonomous Harvesting","National Science Foundation",,"Phase II",SBIR,2605205,2605205,2026-08-27,2028-08-31,"NSF 24-580",2025,2025-11-05,2025-11-05,2026-08-25,R,2026,1250000.0000,Y3B4DF5735W5,129529521,N,N,N,6,https://l5automation.com,"191 Starlight Crest Dr",,"LA CANADA FLINTRIDGE",California,91011-2206,"  ",,,,"Alexander  Gutierrez",,323-972-7470,nsf@l5automation.com,,"  ",
"3FATES-XRAY, INC.","SBIR Phase II: Deep-learning Driven Single-shot X-ray Phase-contrast Computed Tomography for Security Screening","National Science Foundation",,"Phase II",SBIR,2550084,2550084,2026-08-27,2028-08-31,"NSF 24-580",2025,2025-11-05,2025-08-31,2026-08-25,AI,2026,1249996.0000,J4RUZLFMKS53,,N,N,N,2,,"616 BRISTOL TER",,SUNNYVALE,California,94087,"  ",,,,"Yao-Te  Cheng",,650-862-7382,"yaote.3fatesxray@gmail.com",,"  ",
"JUNO PROPULSION INC.","SBIR Phase II: Rotating Detonation Combustion Satellite Thruster Using Novel, Non-toxic Propellants","National Science Foundation",,"Phase II",SBIR,2605066,2605066,2026-08-27,2028-08-31,"NSF 24-580",2025,2025-11-05,2025-11-05,2026-08-10,SP,2026,1206649.0000,E4V7S7982AH4,,N,N,Y,2,"https://www.junopropulsion.com","33530 1ST WAY S","STE 102","FEDERAL WAY",Washington,98003-7332,"  ",,,,"Alexis  Harroun",,253-906-0035,"aharroun@junopropulsion.com",,"  ",
"PERCEPTRA TECHNOLOGIES, INC.","SBIR Phase II: High-Performance Integrated Photonic Raman Analyzers","National Science Foundation",,"Phase II",SBIR,2605191,2605191,2026-08-27,2028-08-31,"NSF 24-580",2025,2025-11-05,2025-11-05,2026-08-19,PH,2026,1249508.0000,N1ZMSDCYJV77,,N,N,N,3,"https://www.perceptra.io/","8000 EDGEWATER DR STE 200",,OAKLAND,California,94621-2042,"  ",,,,"Amir H Atabaki",,404-906-1566,amir@perceptra.io,,"  ",
"Meteora3D Incorporated","SBIR Phase II: Rapid Lift-Based Peel Separation Masked Inverted Stereolithography 3D Printing for Trauma and Emergency Procedural Planning","National Science Foundation",,"Phase II",SBIR,2605002,2605002,2026-08-27,2028-08-31,"NSF 24-580",2025,2025-11-05,2025-11-05,2026-08-20,M,2026,1248137.0000,FS7TG8BRKHK6,,U,U,U,0,,"2515 Burnet Ave Apt 1114",,Cincinnati,Ohio,45219,"  ",,,,"Prashanth  Ravi",,571-294-0096,prashanth.pune@gmail.com,,"  ",
"SEIA BIO INC","SBIR Phase II: Protecting beneficial microbes from harmful stressors","National Science Foundation",,"Phase II",SBIR,2605079,2605079,2026-08-27,2028-08-31,"NSF 24-580",2025,2025-11-05,2025-11-05,2026-08-10,BT,2026,1250000.0000,T48JA3UHLVN7,,N,Y,Y,2,,"24 PLYMOUTH ST",,CAMBRIDGE,Massachusetts,02141-1914,"  ",,,,"Timothy  Mui",,847-431-3786,tim@seiabio.com,,"  ",
"LAB2701 LLC","SBIR Phase I: Quantum Oscillator Processing Unit","National Science Foundation",,"Phase I",SBIR,2605035,2605035,2026-08-24,2027-09-30,"NSF 24-579",2025,2025-11-05,2025-11-05,2026-08-19,CH,2026,304526.0000,RS4ATN5KZXS4,,Y,Y,N,4,https://www.lab2701.com/,"4376B N 372",,ATWOOD,Oklahoma,74827-9738,"  ",,,,"Edmon L Perkins",,571-357-0844,edmon@lab2701.com,,"  ",
"ILAMBDA INC","SBIR Phase II:  Upstyled Design: AI-Powered Innovation for Sustainable, Customized Product Design in US Apparel, Printing, and Packaging Manufacturing","National Science Foundation",,"Phase II",SBIR,2523840,2523840,2026-08-24,2028-08-31,"NSF 24-580",2025,2025-03-05,2025-02-07,2026-08-03,AI,2026,1249934.0000,N9F1HMNSKYB6,081162772,N,N,N,7,,"251 W GARFIELD RD","STE 150",AURORA,Ohio,44202-6523,"  ",,,,"HAIYONG  ZHANG",,650-772-2647,hzhang@ilambda.com,,"  ",
"RETURN TO VENDOR, CO","SBIR Phase II: Innovative Nylon Fibers with Performance","National Science Foundation",,"Phase II",SBIR,2537916,2537916,2026-08-24,2028-08-31,"NSF 24-580",2025,2025-07-02,2025-07-02,2026-08-10,AM,2026,1249780.0000,JWW7JDRJMLW9,,N,N,N,5,,"423 W 43RD ST",,"NEW YORK","New York",10036-5321,"  ",,,,"Gangadhar  Jogikalmath",,617-281-9065,"gangadhar@returntovendor.co",,"  ",
Z-Polyemrs.LLC,"SBIR Phase II: Durable High-Performance Polymers for Consumer 3D Printing of Engineering-Grade Products","National Science Foundation",,"Phase II",SBIR,2537897,2537897,2026-08-24,2028-08-31,"NSF 24-580",2025,2025-07-02,2025-07-02,2026-08-04,AM,2026,1249805.0000,HETYT8EUPN41,,Y,N,N,4,http://z-polymers.com,"61 Country Club Circle, North Andover, MA 01845",,"North Andover",Maryland,01845,"  ",,,,"Michael A Zimmerman",,978-852-1811,"mike.zimmerman@z-polymers.com",,"  ",
"MEDICARBONE, INC.","SBIR Phase II: Design and Development of Minimally-Invasive Orthopedic Fracture Fixation","National Science Foundation",,"Phase II",SBIR,2600002,2600002,2026-08-24,2028-08-31,"NSF 24-580",2025,2025-11-05,2025-10-01,2026-08-12,BM,2026,1249686.0000,WFM9DG3MY7L8,,U,U,U,,,"2820 E Fort Lowell Rd",,Tucson,Arizona,85716,"  ",,,,"Krishna  Kolan",,520-292-3109,krishna@medicarbone.com,,"  ",
"Linebird, Inc.","SBIR Phase II: Unmanned Aerial Payload Systems for Live-line Access","National Science Foundation",,"Phase II",SBIR,2450659,2450659,2026-08-24,2028-08-31,"NSF 24-580",2024,2024-09-18,2024-09-15,2026-08-06,EN,2026,1207944.0000,JD9NH5CN9Y78,111469808,N,N,N,4,https://www.linebird.net,"1717 E CARY ST",,RICHMOND,Virginia,23223-6935,"  ",,,,"Michael  Beiro",,804-898-8134,"michael.beiro@linebird.net",,"  ",
"Caravel Bio, Inc.","SBIR Phase II: Industrial Strength Biology: Creating Robust Protein Technologies Using Spore-Display Directed Evolution","National Science Foundation",,"Phase II",SBIR,2605074,2605074,2026-08-24,2028-08-31,"NSF 24-580",2025,2025-11-05,2025-11-05,2026-08-10,BT,2026,1246984.0000,NB9TUWC6X8M5,,N,N,N,3,,"5 CURTIS ST",,SOMERVILLE,Massachusetts,02144-1512,"  ",,,,"Trevor  Nicks",,573-694-6940,Trevor@caravel.bio,,"  ",
"Hoofprint Biome, Inc.","SBIR Phase II: Bioengineering Probiotic Yeast to Improve Productivity","National Science Foundation",,"Phase II",SBIR,2507155,2507155,2026-08-24,2028-08-31,"NSF 24-580",2024,2024-11-06,2024-11-05,2026-08-03,BT,2026,1244095.0000,KUGHN38HK4T3,,N,N,N,10,,"300 Morris St Suite 100",,Durham,"North Carolina",27701,"  ",,,,"Scott P Collins",,206-445-3205,spcolli2@ncsu.edu,,"  ",
"HENDTECH LLC","SBIR Phase II: Computer Vision for Merchandizing Forest Products","National Science Foundation",,"Phase II",SBIR,2604322,2604322,2026-08-24,2028-08-31,"NSF 24-580",2025,2025-11-05,2025-11-03,2026-08-03,AI,2026,1246560.0000,M55UM1G1CBL5,118483948,N,N,N,3,https://hendtech.com/,"111 BELLS CREEK DR",,SIMPSONVILLE,"South Carolina",29681-4294,"  ",,,,"Andrew J Henderson",,864-397-5837,"andy.henderson@hendtech.com",,"  ",
"Informuta, Inc. ","SBIR Phase II: Leveraging Sequencing to Identify and Predict Multidrug Resistance","National Science Foundation",,"Phase II",SBIR,2604976,2604976,2026-08-24,2028-08-31,"NSF 24-580",2025,2025-11-05,2025-11-05,2026-08-10,BM,2026,1250000.0000,NA7SQS52P821,,N,N,N,1,,"2719 D’Abadie St. ",,"New Orleans",Louisiana,70119,"  ",,,,"Kalen  Hall",,321-375-4010,kalenhall@informuta.com,,"  ",
"BEYOND SILICON INC","SBIR Phase II: Understanding the Lifetime of Perovskite/Silicon Tandems for Vehicle-Integrated Photovoltaic and Residential Applications","National Science Foundation",,"Phase II",SBIR,2537786,2537786,2026-08-24,2028-02-29,"NSF 24-580",2025,2025-07-02,2025-07-02,2026-08-10,EN,2026,1235011.0000,ZH37XN9T8MR7,118608099,N,N,N,1,"https://www.beyondsilicon.com","1101 E CHERRYWOOD PL",,CHANDLER,Arizona,85249-5622,"  ",,,,"Zhengshan  Yu",,480-297-2299,jason@beyondsilicon.com,,"  ",
"MAYFAIR GROUP LLC","SBIR Phase II: Intelligent Interactive Guidance System","National Science Foundation",,"Phase II",SBIR,2604996,2604996,2026-08-24,2028-08-31,"NSF 24-580",2025,2025-11-05,2025-11-05,2026-08-03,AI,2026,1214831.0000,NA89LQ1VL6C9,364089099,U,N,U,4,"HTTPS://www.mayfairgrp.co","150 W MAIN ST","STE 1500",NORFOLK,Virginia,23510-3403,"  ",,,,"James  Chapman",,757-635-2316,"james.chapman@mayfairgrp.co",,"  ",
"HEXAspec Inc","SBIR Fast-Track: Advanced Hexagonal Boron Nitride Composite Semiconductor Packaging for Enhanced Performance, Efficiency, and Protection","National Science Foundation",,"Phase I",SBIR,2554320,2554320,2026-08-24,2029-08-31,"NSF 24-582",2025,2025-11-05,2025-09-24,2026-08-06,AM,2026,1554959.0000,LUYZNGL2VUE3,,N,N,N,2,https://www.hexaspec.com,"7600 Kirby Dr Apt 539 ",,Houston,Texas,77030,"  ",,,,"Tianshu  Zhai",,317-702-2548,"tianshu.zhai@hexaspec.com",,"  ",
"AEPNUS TECHNOLOGY INC","SBIR Phase II: Novel electrolyzer architectures to enable low-cost chemical manufacturing at industrial scales","National Science Foundation",,"Phase II",SBIR,2538456,2538456,2026-08-24,2028-08-31,"NSF 24-580",2025,2025-11-05,2025-07-08,2026-08-04,CT,2026,1240154.0000,SVQ4L7F9AXV9,,N,N,N,4,https://www.aepnus.com,"2828 FILBERT ST","UNIT 990",EMERYVILLE,California,94608-4513,"  ",,,,"Bilen  Akuzum",,215-760-4080,bilen@aepnus.com,,"  ",
"SIGNAL-WISE LLC","SBIR Phase II: AI-Enabled Acoustic Signal Interpretation for Automated, Standardized Quality Control Testing","National Science Foundation",,"Phase II",SBIR,2537270,2537270,2026-08-24,2028-08-31,"NSF 24-580",2025,2025-07-02,2025-06-27,2026-08-04,M,2026,1165919.0000,V23JEG6QT1A3,,N,N,N,2,https://signal-wise.com/,"1797 NEW CASTLE DR",,TROY,Michigan,48098-6548,"  ",,,,"Sean F Wu",,248-561-5064,sean.wu@signal-wise.com,,"  ",
"VOLTA ENERGY INC","SBIR Phase II: A Novel High Voltage All-Iron Flow Battery for Long-Duration Energy Storage","National Science Foundation",,"Phase II",SBIR,2537645,2537645,2026-08-24,2028-08-31,"NSF 24-580",2025,2025-07-02,2025-07-01,2026-08-04,EN,2026,1250000.0000,EEUMAESHYBD5,033407670,N,N,N,4,https://voltaenergy.com,"3 RUTLAND TER",,WORCESTER,Massachusetts,01609-1659,"  ",,,,"Ravindra  Datta",,508-353-8460,rdatta@voltaenergy.com,,"  ",
"FOURIER LLC","SBIR Phase II: Thermoformable Technical Ceramics for Thermal Management Solutions - Scaled Manufacturing Viability","National Science Foundation",,"Phase II",SBIR,2604933,2604933,2026-08-24,2028-08-31,"NSF 24-580",2025,2025-11-05,2025-11-05,2026-08-10,AM,2026,1243737.0000,NLR3SLVDE8X6,102582235,N,N,N,3,"https://www.fouriercmc.com/","40 WEDGEWOOD ROAD",,"WEST NEWTON",Massachusetts,02465-1918,"  ",,,,"Jason  Hoffman-Bice",,857-269-8058,jason@fouriercmc.com,,"  ",
"CRABLINE ROBOTICS LLC","SBIR Phase II: Robotic Platforms for Managing Submerged Structures","National Science Foundation",,"Phase II",SBIR,2537962,2537962,2026-08-24,2028-08-31,"NSF 24-580",2025,2025-07-02,2025-07-02,2026-08-04,R,2026,1249999.0000,H3VBCNGKNSV5,,U,U,U,0,,"19000 SHELBURNE RD",,"Shaker Heights",Ohio,,"  ",,,,"John E Grezmak",,440-520-5513,jeg100@case.edu,,"  ",
"FRINGE METROLOGY LLC","SBIR Phase II: Advanced Metrology System for Surface and Bonding Quality Control in Semiconductor Manufacturing","National Science Foundation",,"Phase II",SBIR,2535761,2535761,2026-08-24,2028-08-31,"NSF 24-580",2025,2025-07-02,2025-06-08,2026-08-06,IH,2026,1230258.0000,UYXEA6WCMBA5,050265947,N,N,N,2,"https://www.fringemetrology.com","2842 N TUCSON BLVD",,TUCSON,Arizona,85716-1824,"  ",,,,"Joel D Berkson",,520-400-8618,joel@fringemetrology.com,,"  ",
"ATRILITY MEDICAL LLC","SBIR Phase II: Development of Automated Post Operative Rhythm Identification Through Computerized Evaluation of Atrial Signals","National Science Foundation",,"Phase II",SBIR,2605023,2605023,2026-08-24,2028-08-31,"NSF 24-580",2025,2025-11-05,2025-11-05,2026-08-04,BM,2026,1195749.0000,Y4QDQMC8A2H5,,U,U,U,0,,"455 SCIENCE DR STE 120",,MADISON,Wisconsin,,"  ",,,,"Matthew  Knoespel",,608-960-9960,"matthew.knoespel@atrility.com",,"  ",
"Yadonai LLC","SBIR Phase I: Ultra-low volume approach to injections using a novel jet injection system","National Science Foundation",,"Phase I",SBIR,2537739,2537739,2026-08-18,2027-09-30,"NSF 24-579",2025,2025-07-02,2025-07-02,2026-08-12,M,2026,304990.0000,GSVDDPYDC8H1,,N,N,N,1,,"3515 SW 39 Blvd",,Gainesville,Florida,34142,"  ",,,,"Israel  Ojo",,850-300-0094,israel@yadonai.com,,"  ",
"IZOTE BIOSCIENCES INC.","SBIR Phase I: An Energy-Efficient Fermentation Platform to Lower the Cost of Industrial Biomanufacturing","National Science Foundation",,"Phase I",SBIR,2605185,2605185,2026-08-18,2027-09-30,"NSF 24-579",2025,2025-11-05,2025-11-05,2026-08-03,BT,2026,304950.0000,C8PLNVKQ4N24,,N,U,Y,4,http://izote.bio,"3 EMBARCADERO CTR FL 28",,"SAN FRANCISCO",California,94111-4066,"  ",,,,"Victor M Reyes-Umana",,650-438-6402,victor@izote.bio,,"  ",
Teradio,"SBIR Phase I: Wireless Sidestep Network: Harnessing Sub-terahertz to Enable New Degrees of Freedom in AI Data Center Architectures","National Science Foundation",,"Phase I",SBIR,2604939,2604939,2026-08-18,2027-05-31,"NSF 24-579",2025,2025-11-05,2025-11-05,2026-08-12,W,2026,305000.0000,NB9ZFRQTUMG8,,N,N,N,5,,"5 Reilly Avenue",,Newburyport,Massachusetts,01950,"  ",,,,"Gregory  Whelan",,978-992-2203,gwhelan@teradio.co,,"  ",
"MEDENOVATE LLC ","SBIR Phase I: Prosthetic implantable lens with integrated intraocular pressure sensor","National Science Foundation",,"Phase I",SBIR,2604906,2604906,2026-08-18,2027-09-30,"NSF 24-579",2025,2025-11-05,2025-11-04,2026-08-04,MD,2026,305000.0000,U5H1MCZ4KKR1,,N,N,N,2,www.medenovate.com,"25 Mauchly Ste 326 ",,Irvine,California,92618,"  ",,,,"Jae  Kim",,917-558-5385,kim.jae.y@gmail.com,,"  ",
"UltraMend Inc","SBIR Phase I: 3D Micropillar Scaffolds for Self-Powered Bioelectric Stimulation","National Science Foundation",,"Phase I",SBIR,2604948,2604948,2026-08-18,2027-09-30,"NSF 24-579",2025,2025-11-05,2025-11-05,2026-08-04,MD,2026,305000.0000,SE14QEGSNCK3,080489481,N,N,N,2,,"25 Highwood Dr",,Ramsey,"New Jersey",07446-2712,"  ",,,,"John  Phillips",,201-819-1571,jsp@ultramend.com,,"  ",
"Orion Wave Technology Corporation","SBIR Phase I: Analog Neural Networks Enabled by Tunable Apertures","National Science Foundation",,"Phase I",SBIR,2531891,2531891,2026-08-18,2027-09-30,"NSF 24-579",2025,2025-07-02,2025-04-08,2026-08-03,AI,2026,304943.0000,LGM1U2YJADL5,116959629,N,N,N,2,,"51 Wright St",,Arlington,Massachusetts,02474-2452,"  ",,,,"Bowen  Zheng",,415-202-3742,"bowen.zheng@orion-wave.com",,"  ",
"TERASPATIAL INC","SBIR Phase II: Simultaneous Transmit-Receive and Full-Duplex Millimeter-Wave Massive Multiple-Input and Multiple-Output Systems","National Science Foundation",,"Phase II",SBIR,2537738,2537738,2026-08-17,2028-08-31,"NSF 24-580",2025,2025-07-02,2025-07-02,2026-08-03,W,2026,1192953.0000,C9FFBKDYJG34,,N,N,N,12,,"2164 WEBSTER ST",,"PALO ALTO",California,94301-4051,"  ",,,,"Jeyanandh  Paramesh",,512-680-4386,"jeyanandh.paramesh@teraspatial.ai",,"  ",
"MODULAR MATTER, INC.","SBIR Phase I: Universally-Adjustable Modular Prosthesis Socket","National Science Foundation",,"Phase I",SBIR,2528353,2528353,2026-08-13,2027-05-31,"NSF 24-579",2025,2025-03-05,2025-03-05,2026-07-28,MD,2026,305000.0000,JK9ALV4TKNE5,117566921,N,N,N,4,"https://modularmatter.com/","2915 ISLAY COURT",,ABINGDON,Maryland,21009-3140,"  ",,,,"Jeffrey L Gair",,443-961-1121,"j.gair.jr@scineticsinc.com",,"  ",
"VERDE TECHNOLOGIES INCORPORATED","SBIR Phase I: Perovskite Solar Cells on Metal Foil Substrates: Enabling Low-Cost and Flexible Solar Technology","National Science Foundation",,"Phase I",SBIR,2528317,2528317,2026-08-13,2027-09-30,"NSF 24-579",2025,2025-03-05,2025-03-05,2026-08-03,EN,2026,305000.0000,YNNEUBPBKLM7,118283577,N,N,N,8,,"403 MORSE RD",,WATERBURY,Vermont,05676-9418,"  ",,,,"VIVEK  BABU",,802-233-7562,"vivek@verdetechnologies.com",,"  ",
"RareTerra, Inc.","SBIR Phase I: Assessing and Enhancing Microbiological Rare Earth Element Recovery for Domestic Production","National Science Foundation",,"Phase I",SBIR,2604674,2604674,2026-08-12,2027-08-31,"NSF 24-579",2025,2025-11-05,2025-11-04,2026-07-12,M,2026,303808.0000,RF47U97F7SC7,,N,N,N,2,"https://www.rare-terra.com","211 KOSHLAND HALL",,BERKELEY,California,94720,"  ",,,,"Nathan  Good",,608-213-1150,goodnath@rare-terra.com,,"  ",
"CAMBRYA, INC.","SBIR Phase I: Synchrony Loop Networks: a groundbreaking neuromorphic approach for live, unsupervised, one-shot source separation and diarization in complex auditory scenes","National Science Foundation",,"Phase I",SBIR,2528229,2528229,2026-08-11,2027-07-31,"NSF 24-579",2025,2025-03-05,2025-03-05,2026-07-12,DH,2026,303131.0000,CB7XP7EHKCL5,,N,N,Y,4,https://www.cambrya.co/,"1936 ANTONE ST",,AUSTIN,Texas,78723-5443,"  ",,,,"Patrick  Abbs",,512-552-2837,patrick@cambrya.co,,"  ",
"DEEPCHARGE, INC.","SBIR Phase I: Intelligent Wireless Charging and Device Management System for High-Volume Environments","National Science Foundation",,"Phase I",SBIR,2537791,2537791,2026-08-11,2027-07-31,"NSF 24-579",2025,2025-07-02,2025-07-02,2026-08-03,W,2026,305000.0000,E7BNGS16LEP6,081224758,N,N,N,4,,"65 E INDIA ROW","APT 22H",BOSTON,Massachusetts,02110-3389,"  ",,,,"Yousof  Naderi",,617-435-4454,sbir@deepcharge.io,,"  ",
"DIVERSICAN CORPORATION","SBIR Phase I: Sub-micron Centrifuge for Treatment Systems","National Science Foundation",,"Phase I",SBIR,2537713,2537713,2026-08-11,2027-07-31,"NSF 24-579",2025,2025-07-02,2025-07-01,2026-07-12,ET,2026,305000.0000,D66FAHD46W95,,N,Y,N,2,,"3979 RIVERSTONE DR",,SUWANEE,Georgia,30024-1891,"  ",,,,"Nhut  Dang",,470-343-6931,"dangminhnhut1996@gmail.com",,"  ",
"Reclamation Factory","SBIR Phase I: Multimodal Acoustic Sorting for Cost-Effective Plastic Recycling","National Science Foundation",,"Phase I",SBIR,2604986,2604986,2026-08-11,2027-07-31,"NSF 24-579",2025,2025-11-05,2025-11-05,2026-07-12,IH,2026,304929.0000,K62WWN958739,,N,N,Y,2,"https://www.thereclamationfactory.com/","6613 Ridgeville Street",,Pittsburgh,Pennsylvania,15217,"  ",,,,"Georgia  Crowther",,908-343-6848,"georgia@thereclamationfactory.com",,"  ",
"TAILWATER INFORMATICS HOLDINGS, CORP.","SBIR Phase I: AI-Driven Cloud Application Programming Interface for Quantum-Accurate Materials Simulation","National Science Foundation",,"Phase I",SBIR,2603825,2603825,2026-08-11,2028-01-31,"NSF 24-579",2025,2025-11-05,2025-10-30,2026-07-12,AM,2026,304905.0000,UER6AQRJCUB7,,U,U,U,2,,"5525 LA CRESCENTA",,"RANCHO SANTA FE",California,92067-9615,"  ",,,,"Alexander C Tyner",,858-504-1583,alextyner@tailwater.io,,"  ",
"HOMEOSTASIS SYSTEMS CORP","SBIR Phase I: Purification of Electrochemical Graphite for Use as a Critical Material for U.S. Power Infrastructure","National Science Foundation",,"Phase I",SBIR,2538128,2538128,2026-08-11,2027-07-31,"NSF 24-579",2025,2025-07-02,2025-07-02,2026-07-12,M,2026,303518.0000,F3ZYPBCATRF1,,N,N,N,3,,"607 S AINSWORTH AVE UNIT 302",,TACOMA,Washington,98405-3371,"  ",,,,"Julien  Lombardi",,646-479-7199,julien@homeostasis.earth,,"  ",
"ReachAMY Inc.","SBIR Phase I: Agentic Artificial Intelligence System","National Science Foundation",,"Phase I",SBIR,2537722,2537722,2026-08-11,2027-07-31,"NSF 24-579",2025,2025-07-02,2025-07-02,2026-07-12,ET,2026,304950.0000,L3D3Z8X14TA1,,N,N,Y,1,"https://www.reachamy.com/","254 Chapman Road, Ste 208 #15139",,Newark,Delaware,19702,"  ",,,,"Aman  Tur",,408-623-9605,ahana@reachamy.com,,"  ",
"BAO TECH","SBIR Phase I: Selective Thermochemical Delignification for Industrial Cellulose Pulp Production","National Science Foundation",,"Phase I",SBIR,2604675,2604675,2026-08-11,2027-04-30,"NSF 24-579",2025,2025-11-05,2025-11-04,2026-07-12,ET,2026,304968.0000,VJLGKUYKLFF9,,U,U,U,4,,"16959 COUNTY ROAD 44 UNIT C",,"LA SALLE",Colorado,,"  ",,,,"Bao T Ho",,303-669-7711,bao@grasstb.com,,"  ",
"Sofab Inks","SBIR Phase I: SnO2 Layers for Scalable Fullerene-Free Perovskite Solar Cells","National Science Foundation",,"Phase I",SBIR,2604993,2604993,2026-08-10,2027-07-31,"NSF 24-579",2025,2025-11-05,2025-11-05,2026-07-12,EN,2026,300165.0000,SKS4CWMR4CS3,,N,N,N,5,,"9710 Meadow Vale Dr",,Louisville,Kentucky,40242,"  ",,,,"Peter J Armstrong",,208-520-5699,"peter.armstrong@sofabinks.com",,"  ",
"PRAIRIELEARN, INC.","SBIR Phase II: An online learning and assessment platform for sophisticated and secure exams","National Science Foundation",,"Phase II",SBIR,2546660,2546660,2026-08-05,2028-07-31,"NSF 24-580",2025,2025-11-05,2025-08-12,2026-07-08,LC,2026,1211080.0000,G32SQZTC6397,118114385,N,N,N,0,,"60 HAZELWOOD DRIVE",,CHAMPAIGN,Illinois,61820-7460,"  ",,,,"Nathan  Sarang-Walters",,847-312-8411,nathan@prairielearn.com,,"  ",
"Westwood Aerogel Co.","SBIR Phase II: Advanced Manufacturing for Aerogels for Battery Safety Applications","National Science Foundation",,"Phase II",SBIR,2538150,2538150,2026-08-04,2028-07-31,"NSF 24-580",2025,2025-07-02,2025-07-02,2026-07-19,M,2026,1249955.0000,J6ELFAKABJ16,,N,Y,Y,3,"https://westwoodaerogel.com","555 PIERCE ST APT 1531","APT 1531",ALBANY,California,94706-1010,"  ",,,,"Patricia  McNeil",,562-743-7816,"pemcneil@westwoodaerogel.com",,"  ",
"IN VIRTUALIS LLC","SBIR Phase II: Ai-mediated Neurotechnology for Enhanced Access to Virtual and Physical Reality","National Science Foundation",,"Phase II",SBIR,2545788,2545788,2026-08-04,2028-07-31,"NSF 24-580",2025,2025-11-05,2025-08-05,2026-07-10,HC,2026,1250000.0000,FXMWHTM4G6K1,,U,Y,Y,1,https://invirtualis.ai,"501 N J ST APT 7",,TACOMA,Washington,98403-2035,"  ",,,,"Courtnie J Paschall",,404-408-2525,courtnie@invirtualis.ai,,"  ",
"PITCH AERONAUTICS INC.","SBIR Phase II: Stable Manipulation via Hovering Drone for Electric Utility Maintenance and Component Installations","National Science Foundation",,"Phase II",SBIR,2604909,2604909,2026-08-04,2028-07-31,"NSF 24-580",2025,2025-11-05,2025-11-04,2026-07-29,MO,2026,1239847.0000,JU1CUPU6FEY4,098097997,N,N,N,15,"https://www.pitchaero.com","6323 S FEDERAL WAY UNIT 17",,BOISE,Idaho,83716-9134,"  ",,,,"Adryanna  Major",,731-333-4816,"adryanna.major@pitchaero.com",,"  ",
"CARBIDE RADIO INC","SBIR Phase II: Silicon Carbide Radio Frequency Switches","National Science Foundation",,"Phase II",SBIR,2605209,2605209,2026-08-04,2028-07-31,"NSF 24-580",2025,2025-11-05,2025-11-05,2026-07-28,S,2026,1250000.0000,HNF8DYW2CWW3,,N,U,N,1,"https://www.carbideradio.com","6301 LILLIAN WAY",,"SAN JOSE",California,95120,"  ",,,,"Albert  Kumar",,408-712-7511,akumar@carbideradio.com,,"  ",
"MOLECULAR INTERFACES, LLC","SBIR Phase II: High Light-Throughput Electrodes for Top-Emitting and Transparent OLED Displays","National Science Foundation",,"Phase II",SBIR,2605167,2605167,2026-07-31,2028-07-31,"NSF 24-580",2025,2025-11-05,2025-11-05,2026-07-27,S,2026,1245569.0000,M1JQY56LJY57,,N,N,N,2,,"200 W MADISON ST STE 3300",,Chicago,Illinois,60606-3607,"  ",,,,"Jacob W Ciszek",,773-508-3107,"jacob.ciszek@molecularinterfaces.com",,"  ",
"CerFlux, Inc.","SBIR Phase II: Predictive Ex Vivo Solid Tumor New Approach Method (NAM) for Screening Anticancer Agents","National Science Foundation",,"Phase II",SBIR,2545371,2545371,2026-07-31,2028-07-31,"NSF 24-580",2025,2025-11-05,2025-07-31,2026-07-19,BM,2026,1250000.0000,RJKTP1C2LNJ8,081271460,N,Y,N,3,http://CerFlux.com,"2140 11th Ave S Ste 308",,Birmingham,Alabama,35205-2841,"  ",,,,"Karim I Budhwani",,205-966-2569,IronMan@CerFlux.com,,"  ",
"HPLUS INC","SBIR Phase II: ADVANCING ELECTROLYZER TECHNOLOGY USING A MULTIFUNCTIONAL POROUS TRANSPORT LAYER","National Science Foundation",,"Phase II",SBIR,2537646,2537646,2026-07-29,2028-07-31,"NSF 24-580",2025,2025-07-02,2025-07-01,2026-07-08,EN,2026,1238787.0000,E1SYPQZS9GL7,,N,N,N,12,,"990 CHELTENHAM RD",,"SANTA BARBARA",California,93105-2234,"  ",,,,"Payam  Bozorgi",,323-206-1506,Payam@HPlus-us.com,,"  ",
"HENSUN INNOVATION LLC","SBIR Phase II: Colleague AI: Building Next-Generation K-12 STEM Learning Environments through Specialized AI Models","National Science Foundation",,"Phase II",SBIR,2537561,2537561,2026-07-28,2028-07-31,"NSF 24-580",2025,2025-07-02,2025-07-01,2026-07-10,LC,2026,1250000.0000,VJYWM3DP1PF8,117344538,U,U,Y,2,"https://www.hensuninnovation.com/","10616 NE 46th ST",,Kirkland,Washington,98033,"  ",,,,"Jian  He",,425-999-2928,"kevin@hensuninnovation.com",,"  ",
"OPAL THERAPEUTICS INC","SBIR Phase II: Scaling Platforms for Translational Research and Therapeutic Screening","National Science Foundation",,"Phase II",SBIR,2605008,2605008,2026-07-28,2028-07-31,"NSF 24-580",2025,2025-11-05,2025-11-05,2026-07-12,BT,2026,1250000.0000,XM2SWPGL7EG4,,N,N,Y,1,"https://www.opaltherapeutics.com/","135 MISSISSIPPI ST",,"SAN FRANCISCO",California,94107,"  ",,,,"Morgan M Stanton",,628-234-4283,"morgan@opaltherapeutics.com",,"  ",
"MECHANO THERAPEUTICS LLC","SBIR Phase II: Mechanically Controlled Therapeutics Delivery Platform","National Science Foundation",,"Phase II",SBIR,2535594,2535594,2026-07-28,2028-07-31,"NSF 24-580",2025,2025-07-02,2025-06-04,2026-07-10,BM,2026,1240242.0000,L2R8GFHQSD74,,U,U,U,1,,"3401 GRAYS FERRY AVE BLDG 212-152",,PHILADELPHIA,Pennsylvania,19146-2701,"  ",,,,"George  Dodge",,215-840-2893,"gdodge@mechano-therapeutics.com",,"  ",
"MIMIC SYSTEMS INC","SBIR Phase II: Solid-State Heating and Cooling System Using High-Performance Thermoelectric Materials","National Science Foundation",,"Phase II",SBIR,2604928,2604928,2026-07-28,2028-07-31,"NSF 24-580",2025,2025-11-05,2025-11-05,2026-07-08,ET,2026,1250000.0000,N3KLCQK3PKP1,080479551,N,N,N,1,,"19 MORRIS AVE BLDG 128",,BROOKLYN,"New York",11205-1095,"  ",,,,"Berardo  Matalucci",,917-803-3650,berardo@mimic.systems,,"  ",
"PERSEUS MATERIALS, INC.","SBIR Phase II: Fast and Low-Energy Manufacturing of High-Performance Fiber-Reinforced Composites","National Science Foundation",,"Phase II",SBIR,2537851,2537851,2026-07-28,2028-07-31,"NSF 24-580",2025,2025-07-02,2025-07-02,2026-07-10,M,2026,1239445.0000,LJSPPJCYR4X7,118876860,U,N,N,8,"https://www.perseusmaterials.com","4028 PAPERMILL DR STE 7",,KNOXVILLE,Tennessee,37909-2010,"  ",,,,"Daniel C Lee",,917-515-7345,dan@perseusmaterials.com,,"  ",
"Macula Vision Systems Inc.","SBIR Phase II: Automated Gram Stain Interpretation Via Digital Holographic Microscopy","National Science Foundation",,"Phase II",SBIR,2537843,2537843,2026-07-24,2028-07-31,"NSF 24-580",2025,2025-07-02,2025-07-02,2026-07-08,MD,2026,1249245.0000,JUXRYEUQRU93,118596200,N,N,N,4,,"11630 N Dragoon Springs Dr",,Tucson,Arizona,85737-9761,"  ",,,,"Oleg  Gusyatin",,857-919-0696,oleg@macula-vision.com,,"  ",
"GENASSIST INC","SBIR Phase II: Development and Validation of Clinic-Ready MyoSponge","National Science Foundation",,"Phase II",SBIR,2533727,2533727,2026-07-24,2028-07-31,"NSF 24-580",2025,2025-07-02,2025-04-30,2026-06-25,BM,2026,1248163.0000,N7ENKJQWVRC5,117109596,N,N,N,3,,"1713 FREMONT ST",,"CAPE GIRARDEAU",Missouri,63701-1914,"  ",,,,"Gabriel J Haas",,573-275-4972,gabe@genassist.co,,"  ",
"MelliCell, Inc.","SBIR Phase II: Industrial-Scale Technology for Drug Development","National Science Foundation",,"Phase II",SBIR,2538072,2538072,2026-07-24,2028-07-31,"NSF 24-580",2025,2025-07-02,2025-07-02,2026-07-10,PT,2026,1250000.0000,EFGLLLKFX2S7,117571665,N,N,N,7,"https://www.mellicell.com","90 Bridge St",,Newton,Massachusetts,02458-1119,"  ",,,,"Benjamin D Pope",,617-650-7020,ben@mellicell.com,,"  ",
"PRhobe Inc","SBIR Phase II: Solving the 4,023-Year-Old Logistics Control Problem Using Modern IoT Standards and a Novel Combination of Passive RFID, UWB, and Cellular Technology","National Science Foundation",,"Phase II",SBIR,2528036,2528036,2026-07-24,2028-01-31,"NSF 24-580",2025,2025-03-05,2025-03-04,2026-06-29,IT,2026,1245544.0000,PEW7M9ATX422,,N,N,N,1,,"42850 CASTILLEJO CT",,FREMONT,California,94539-5109,"  ",,,,"Stephen  Pearce",,978-289-7896,"stephen.pearce@prhobe.com",,"  ",
"WATER ILLUMINATION INC","SBIR Phase II: Next-Generation Deep Ultraviolet Photochemical Reactor","National Science Foundation",,"Phase II",SBIR,2538137,2538137,2026-07-24,2028-07-31,"NSF 24-580",2025,2025-07-02,2025-07-02,2026-07-08,ET,2026,1239973.0000,MDX7EM1D3915,118145117,N,Y,Y,4,,"20988 Bake Pkwy Ste 106",,"Lake Forest",California,92630-2171,"  ",,,,"Xuejun  Yu",,951-850-6298,"waterceo@waterillumination.com",,"  ",
"FIRSTTHEN INC","SBIR Phase II: An Artificial Intelligence (AI)-Enabled Coaching Platform Providing Scalable Support for Caregivers","National Science Foundation",,"Phase II",SBIR,2539956,2539956,2026-07-24,2028-07-31,"NSF 24-580",2025,2025-11-05,2025-07-16,2026-07-10,DH,2026,1222567.0000,DZ9GQ476M6D9,,N,N,Y,2,"https://www.firstthen.com/","5338 EMERSON AVENUE",,DALLAS,Texas,75209-5004,"  ",,,,"Amanda W Schnetzer",,214-418-5830,amanda@firstthen.com,,"  ",
"BEKEN BIO, INC.","SBIR Phase II: Liquid Biopsy Diagnostic Targeting Novel Extracellular Vesicle Biomarkers","National Science Foundation",,"Phase II",SBIR,2537984,2537984,2026-07-24,2028-07-31,"NSF 24-580",2025,2025-07-02,2025-07-02,2026-07-08,BM,2026,1249464.0000,LJJ9XNCRE9L7,117602220,N,N,N,3,https://beken.bio/,"1155 Island Ave Ste 100",,"San Diego",California,92101-7230,"  ",,,,"Christopher  Millan",,504-554-1917,chris@beken.bio,,"  ",
"URL TO IRL INC.","SBIR Phase II: The Automated Digital Navigability Testing and Remediation Platform","National Science Foundation",,"Phase II",SBIR,2540148,2540148,2026-07-24,2028-07-31,"NSF 24-580",2025,2025-11-05,2025-07-17,2026-06-25,HC,2026,1184700.0000,JY76MZU9RTE7,,N,Y,N,2,"https://www.TestParty.co/","15932 60TH AVE SE",,SNOHOMISH,Washington,98296-4646,"  ",,,,"Michael  Bervell",,425-586-0478,"MichaelBervell@testparty.co",,"  ",
"DESIGNER ECOSYSTEMS LLC","SBIR Phase II: Sensor Platform for Novel Submerged Barriers","National Science Foundation",,"Phase II",SBIR,2604863,2604863,2026-07-24,2028-07-31,"NSF 24-580",2025,2025-11-05,2025-11-04,2026-06-25,ET,2026,1242694.0000,JWXVV8FPMAX9,,N,N,Y,7,"https://designerecosystem.com/","487 N OWEN ST",,ALEXANDRIA,Virginia,22304-2245,"  ",,,,"Bridget L Baumgartner",,858-334-8155,"bridget@designerecosystem.com",,"  ",
"Pathflow Inc.","SBIR Phase II: Enhancing Pathology Efficiency with On-Chip Optical Coherence Tomography (OCT) Imaging Technology","National Science Foundation",,"Phase II",SBIR,2537908,2537908,2026-07-24,2028-07-31,"NSF 24-580",2025,2025-07-02,2025-07-02,2026-07-09,IH,2026,1247250.0000,L37BXCHXLJZ5,,N,N,Y,1,,"224 East St.",,Lexington,Massachusetts,02142,"  ",,,,"Diana  Mojahed",,781-507-4602,"diana@lightfindertech.com",,"  ",
"WaterUS LLC","SBIR Phase II: Continuous Salt-Free Softening via a Scalable Redox-Mediated Electrochemical System","National Science Foundation",,"Phase II",SBIR,2603375,2603375,2026-07-24,2028-07-31,"NSF 24-580",2025,2025-11-05,2025-10-28,2026-06-25,ET,2026,1234063.0000,WWQ6GECMRLQ3,118998919,N,N,N,3,"https://www.waterusllc.com/","201 ASCOT RIDGE RD",,IRMO,"South Carolina",29063-7923,"  ",,,,"Xiaochen  Shen",,330-860-0791,xshen@waterusllc.com,,"  ",
"AGTEC INNOVATIONS, INC.","SBIR Phase II: Novel Caged Urea as a Nitrogen Compost","National Science Foundation",,"Phase II",SBIR,2534874,2534874,2026-07-24,2028-07-31,"NSF 24-580",2025,2025-07-02,2025-05-28,2026-06-25,ET,2026,1121696.0000,WCKUJMU4ZYC5,,N,N,N,3,"https://www.agtecinnovations.com","1290 ALTAMEAD DR",,"LOS ALTOS",California,94024-5568,"  ",,,,"Chandrika  Varadachari",,650-303-3141,"chandrikavaradachari@yahoo.com",,"  ",
"RUSHNU INC","SBIR Phase II: System for High Efficiency Continuous Single-step Carbon Capture and Mineralization","National Science Foundation",,"Phase II",SBIR,2538147,2538147,2026-07-24,2028-07-31,"NSF 24-580",2025,2025-07-02,2025-07-02,2026-07-10,CT,2026,1250000.0000,FNMHQ9YB2EP9,118779886,N,N,N,2,https://www.rushnu.com/,"5495 BLACK AVE, UNIT 2",,PLEASANTON,California,94566-5971,"  ",,,,"Matin  Hanifzadeh",,419-250-6999,matin@rushnu.com,,"  ",
"GEOFINANCIAL ANALYTICS INC","SBIR Phase II: Bridging Fugitive Emission Monitoring Gaps via Artificial Intelligence and Hybrid Sensors","National Science Foundation",,"Phase II",SBIR,2537735,2537735,2026-07-24,2028-07-31,"NSF 24-580",2025,2025-07-02,2025-07-02,2026-07-08,ET,2026,1250000.0000,W513L93SHXL7,116857390,N,Y,N,3,"https://geofinancial.com/","141 BULKLEY AVE",,SAUSALITO,California,94965-2231,"  ",,,,"Mark R Kriss",,612-222-9195,mkriss@geofinancial.com,,"  ",
"OSO SEMICONDUCTOR INC.","SBIR Phase II: Ultra-Low Loss Beamformer and Combiner-First Technology for Lower Power Consumption Phased Arrays","National Science Foundation",,"Phase II",SBIR,2538080,2538080,2026-07-24,2028-07-31,"NSF 24-580",2025,2025-07-02,2025-07-02,2026-07-19,W,2026,1249293.0000,RV3AACLWM8D9,,N,N,N,8,,"148 Castro St","Suite B1","Mountain View",California,94041,"  ",,,,"Matthew  Anderson",,920-216-4675,mga@ososemi.com,,"  ",
"Circularity Fuels","SBIR Phase II: Joule-Heated Sorbent-Enhanced Catalysis for High-Purity Methane Production in Semiconductor and Advanced Carbon Material Manufacturing","National Science Foundation",,"Phase II",SBIR,2537616,2537616,2026-07-24,2028-07-31,"NSF 24-580",2025,2025-07-02,2025-07-01,2026-07-08,EN,2026,1250000.0000,TCTBBNNV1CG9,,N,N,N,7,circularityfuels.com,"2566 Bay Road",,"Redwood City",California,94063,"  ",,,,"Gaurav A Kamat",,949-354-1772,"gaurav@circularityfuels.com",,"  ",
"FlowCellutions, Inc.","SBIR Fast-Track: Electroanalytical State-of-charge and Chemical Composition Sensors for Redox Flow Batteries","National Science Foundation",,"Phase I",SBIR,2604898,2604898,2026-07-24,2029-01-31,"NSF 24-582",2025,2025-11-05,2025-11-04,2026-07-08,EN,2026,1554998.0000,JP4HXXKMYGD6,,N,N,Y,5,"https://www.flowcellutions.com/","122 Meyran Ave",,Pittsburgh,Pennsylvania,15213,"  ",,,,"Rebecca N Segel",,215-460-1900,"becca.segel@flowcellutions.com",,"  ",
"New England Hemolytics, Inc.","SBIR Phase II: Rapid Sepsis Screening System Based on Pathogen DNA Extraction","National Science Foundation",,"Phase II",SBIR,2537891,2537891,2026-07-24,2028-07-31,"NSF 24-580",2025,2025-07-02,2025-07-02,2026-06-25,BM,2026,1249902.0000,X23UJ2YCMTR2,,N,N,N,1,"https://www.newenglandhemolytics.com","11 Sycamore Way","Unit 112",Branford,Connecticut,06405-6553,"  ",,,,"John R Nobile",,203-394-3170,"john.nobile@newenglandhemolytics.com",,"  ",
"BETAFELD LLC","SBIR Phase II: Improved Utilization through Artificial Intelligence and Prescriptive Logistics","National Science Foundation",,"Phase II",SBIR,2537269,2537269,2026-07-21,2028-07-31,"NSF 24-580",2025,2025-07-02,2025-06-27,2026-06-25,ET,2026,1207205.0000,CLMACLFV88M4,118172358,N,Y,U,33,http://betafeld.com,"245 FIRST STREET","RIVERVIEW II, 18TH FLOOR",CAMBRIDGE,Massachusetts,02142-1200,"  ",,,,"Amanda  Shiffler",,781-558-7926,info@betafeld.com,,"  ",
"VIRIDIAN SPACE CORPORATION","SBIR Phase II: Air-Breathing Electric Propulsion","National Science Foundation",,"Phase II",SBIR,2527072,2527072,2026-07-21,2028-07-31,"NSF 24-580",2025,2025-03-05,2025-03-01,2026-06-25,SP,2026,1218494.0000,MA6KSBAEU327,,N,N,N,8,www.viridian.us,"120 EUCALYPTUS DR",,"EL SEGUNDO",California,90245-3819,"  ",,,,"Matthew S Feldman",,214-384-7395,"matthew@viridianspace.com",,"  ",
"FINIKS FORGE, INC.","SBIR Phase II: Conversion of Keratin-Rich Materials into Regenerated Textile Fibers","National Science Foundation",,"Phase II",SBIR,2604982,2604982,2026-07-21,2028-07-31,"NSF 24-580",2025,2025-11-05,2025-11-05,2026-06-25,CT,2026,1250000.0000,LLFND433X2N7,,U,U,U,1,https://finiksforge.com/,"111 S Oxford ST","APT 5 ",Brooklyn,"New York",11217,"  ",,,,"Luca  Cera",,857-316-6960,lucacera@finiksforge.com,,"  ",
"MXENE INC","SBIR Fast-Track: Development of a Continuous Flow Reactor Technology for Industrial-Grade MXene Production: A Safer, High-Throughput Alternative to Batch Processing","National Science Foundation",,"Phase I",SBIR,2537894,2537894,2026-07-21,2029-04-30,"NSF 24-582",2025,2025-07-02,2025-07-02,2026-06-29,M,2026,1546866.0000,HMMEW9UU55N4,,N,N,N,5,www.mxeneinc.com,"1005 Greenly Dr",,Pfafftown,"North Carolina",27040-9397,"  ",,,,"Sebastian  Osswald",,336-666-0398,"sebastian.osswald@mxeneinc.com",,"  ",
"Neural Solid, Inc.","SBIR Fast-Track: Automated Creation of Material Models for Multi-Polymer 3D Printing","National Science Foundation",,"Phase I",SBIR,2537440,2537440,2026-07-21,2029-07-31,"NSF 24-582",2025,2025-07-02,2025-06-30,2026-06-25,M,2026,1555000.0000,L2XAYMTJJ855,,N,N,N,2,www.neuralsolid.com,"350 Duffield Hall",,Ithaca,"New York",14853,"  ",,,,"Steven J Yang",,215-983-4659,stevenyang22@gmail.com,,"  ",
"DINYA DNA LLC","SBIR Phase II: Commercializing Architect-directed DNA Synthesis","National Science Foundation",,"Phase II",SBIR,2549904,2549904,2026-07-21,2028-07-31,"NSF 24-580",2025,2025-11-05,2025-08-28,2026-06-25,BT,2026,1250000.0000,DW82ZYPMUHQ5,,N,Y,N,1,,"505 DOUGLAS ST",,DURHAM,"North Carolina",27705-3888,"  ",,,,"Eirik A Moreb",,352-246-7326,adim@dinyadna.com,,"  ",
"SmartCharts Inc.","SBIR Phase II: AI-Driven Visualization of Rehabilitation Documentation to Support Decision-Making Across Care Settings","National Science Foundation",,"Phase II",SBIR,2546997,2546997,2026-07-20,2028-07-31,"NSF 24-580",2025,2025-11-05,2025-08-14,2026-06-25,DH,2026,1250000.0000,GNGAPBEF6XN9,,Y,Y,Y,2,"https://www.mysmartcharts.com/","308 S JEFFERSON ST # 110",,CHICAGO,Illinois,60661-5605,"  ",,,,"Corinne  Vargas",,312-857-6278,corinne.vargas@gmail.com,,"  ",
"LIFE SEAL VASCULAR, INC.","SBIR Phase II: Enhancing EVAR for AAA with Cygnum(TM) Aneurysm Sac Management Device","National Science Foundation",,"Phase II",SBIR,2537986,2537986,2026-07-17,2028-07-31,"NSF 24-580",2025,2025-07-02,2025-07-02,2026-06-25,BM,2026,1250000.0000,N43EA8M7LGN3,118406868,N,N,N,5,"https://lifesealvascular.com/","105 N Pointe Dr",,"Lake Forest",California,92630,"  ",,,,"Raja  Ghanem",,612-840-2723,"rghanem@lifesealvascular.com",,"  ",
"NEUROBIONICS INC","SBIR Phase II: NeuroBionics IO Fiber: A Multifunctional Neural Probe for Advancing Neuroscience Research","National Science Foundation",,"Phase II",SBIR,2537752,2537752,2026-07-16,2028-07-31,"NSF 24-580",2025,2025-07-02,2025-07-02,2026-07-08,BM,2026,1202116.0000,UUKGN9CKYMY3,,N,N,N,2,,"16 LINDEN AVE APT 8",,SOMERVILLE,Massachusetts,02143-2267,"  ",,,,"Nicolette  Driscoll",,267-644-5438,nicki@neurobionics.io,,"  ",
"ACADEMIC WEB PAGES, INC.","SBIR Phase II: Advancing MentorAI to improve academic and workforce outcomes","National Science Foundation",,"Phase II",SBIR,2536114,2536114,2026-07-16,2028-07-31,"NSF 24-580",2025,2025-07-02,2025-06-14,2026-07-09,LC,2026,1051777.0000,WRJ5DFKAMNH2,145188939,N,N,Y,2,"https://www.academicwebpages.com","1048E LONG BEACH BLVD",,"BEACH HAVEN","New Jersey",08008-5625,"  ",,,,"Nancy  McNamara",,203-982-5259,"nancy@academicwebpages.com",,"  ",
"SOWN TO GROW, INC.","SBIR Phase II: Fostering Growth in Trusting Relationships between Students and Educators with Natural Language Processing and Machine Learning Technologies","National Science Foundation",,"Phase II",SBIR,2537677,2537677,2026-07-16,2028-07-31,"NSF 24-580",2025,2025-07-02,2025-07-01,2026-06-25,LC,2026,1250000.0000,GYZAA15MJKZ5,080134887,Y,N,N,18,"http://www.sowntogrow.com","515 CROFTON AVE",,OAKLAND,California,94610-1520,"  ",,,,"Disha  Gupta",,415-520-8195,disha@sowntogrow.com,,"  ",
"ZEBRAMD INC.","SBIR Phase II: A Clinical Decision Making tool to improve diagnosis, management and research","National Science Foundation",,"Phase II",SBIR,2546719,2546719,2026-07-16,2028-07-31,"NSF 24-580",2025,2025-11-05,2025-08-12,2026-06-29,DH,2026,1239701.0000,X1YXKLYV6EQ7,,N,N,N,1,https://www.zebraMD.org,"29575 MAMMOTH LN",,"CANYON COUNTRY",California,91387-6217,"  ",,,,"Katharina  Schmolly",,707-360-8293,kschmolly@gmail.com,,"  ",
"GROUP1, INC.","SBIR Phase II: 120Wh/kg K-ion Battery with 10C Discharge Rate as Alternative to LFP Commercial Power Cells","National Science Foundation",,"Phase II",SBIR,2527616,2527616,2026-07-09,2028-06-30,"NSF 24-580",2025,2025-03-05,2025-03-04,2026-06-29,EN,2026,1242311.0000,MJ28KFKM2FF3,,N,N,N,12,http://www.group1.ai,"3055 HUNTER ROAD",,"SAN MARCOS",Texas,78666-6460,"  ",,,,"Leigang  Xue",,919-600-1290,leigang@group1.ai,,"  ",
CYTROGEN,"SBIR Phase I: Gelatrix: A Light-Curable Bioadhesive for the Treatment of Bony Defects","National Science Foundation",,"Phase I",SBIR,2538047,2538047,2026-07-08,2027-06-30,"NSF 24-579",2025,2025-07-02,2025-07-02,2026-06-10,BM,2026,305000.0000,YA64J8J2FMR3,,N,N,N,3,,"322 Alpine St. Unit 3",,Pasadena,California,91106,"  ",,,,"khadijeh  khederlou",,541-221-0115,"khadijeh.khederlou@gmail.com",,"  ",
"RuMedical Nova","SBIR Phase I: Next-Gen Portable Bio-Chip for Rapid and Accurate Early Lung Cancer Diagnosis","National Science Foundation",,"Phase I",SBIR,2537614,2537614,2026-07-08,2027-12-31,"NSF 24-582",2025,2025-07-02,2025-07-01,2026-05-29,BM,2026,305000.0000,L5NXU895KC79,,U,U,Y,4,www.RuMedNova.com,"9535 Ketona Cove",,AUSTIN,Texas,78759,"  ",,,,"Hyungmok  Joh",,512-915-0029,"Hyungmok.joh@RuMedNova.com",,"  ",
"PLAUT PEDAGOGY, LLC","SBIR Phase I: Creating Immersive Courseware for Calculus Pedagogy","National Science Foundation",,"Phase I",SBIR,2538031,2538031,2026-07-08,2027-01-31,"NSF 24-579",2025,2025-07-02,2025-07-02,2026-06-03,LC,2026,304027.0000,SDCKRN9ZFND3,,U,U,U,2,,"6604 SEVIERVILLE PIKE",,KNOXVILLE,Tennessee,37920-6522,"  ",,,,"Conrad P Plaut",,865-748-2532,conradplaut@gmail.com,,"  ",
"Channel Robotics","SBIR Phase I: AI-Enhanced Robotic Continuum Robotic Instruments for use in Endoscopic Surgery","National Science Foundation",,"Phase I",SBIR,2527887,2527887,2026-07-06,2027-06-30,"NSF 24-579",2025,2025-03-05,2025-03-04,2026-05-29,MD,2026,305000.0000,RME8FMXAXE26,,N,N,N,3,"http://www.channelrobotics.com","2010 Jimmy Durante Boulevard, Suite 200",,"Del Mar",California,92014,"  ",,,,"Michael C Yip",,858-337-5011,mike@channelrobotics.com,,"  ",
"Desna Therapeutics Inc","SBIR Phase I: Development of a tolerizing platform for autoimmune diseases","National Science Foundation",,"Phase I",SBIR,2537539,2537539,2026-07-06,2026-12-31,"NSF 24-579",2025,2025-07-02,2025-07-01,2026-05-29,BM,2026,304489.0000,UEEDCKDXU8V1,,N,N,N,1,desnatherapeutics.com,"7620 Mona Lane",,"San Diego",California,92130,"  ",,,,"George  Smith",,858-735-5001,"george.smith@desnatherapeutics.com",,"  ",
"TAKACHAR LIMITED","SBIR Phase I: Physics-Informed Control and Optimization of Thermochemical Reactor Arrays","National Science Foundation",,"Phase I",SBIR,2604364,2604364,2026-07-06,2027-12-31,"NSF 24-579",2025,2025-11-05,2025-11-04,2026-05-29,ET,2026,305000.0000,EE8KGR8CJ3J5,080472685,N,N,N,5,,"3900 Sears Point Road",,Petaluma,California,94954,"  ",,,,"Kevin S Kung",,857-600-0981,kevin.kung@takachar.com,,"  ",
"PARALLEL ROBOTICS LLC","SBIR Phase I: A Novel Architecture for blending Human Power and Computer Control in Surgical Robots","National Science Foundation",,"Phase I",SBIR,2507711,2507711,2026-07-06,2026-12-31,"NSF 24-579",2024,2024-11-06,2024-11-06,2026-06-03,MD,2026,305000.0000,K159L66Q6PM5,117788519,N,N,N,13,"http://parallel-robot.com/","5963 ROLLINGWOOD DR",,"ANN ARBOR",Michigan,48103-8800,"  ",,,,"Nishant  Jalgaonkar",,505-236-8004,nishant@parallelbot.com,,"  ",
ISeeChange,"SBIR Phase I: Deep Learning Framework for Mapping Flood Extent from Unstructured Photos","National Science Foundation",,"Phase I",SBIR,2537872,2537872,2026-07-06,2026-12-31,"NSF 24-579",2025,2025-07-02,2025-07-02,2026-05-29,ET,2026,304018.0000,XWDUJRUGD9N6,,N,Y,Y,10,www.iseechange.com,"4532 Bancroft Drive",,"New Orleans",Louisiana,70122,"  ",,,,"Julia K Drapkin",,917-420-3583,julia@iseechange.com,,"  ",
"APPLIED RESEARCH TRANSFORMATION, PLLC","SBIR Phase I: A Physics-Informed Neural Network Supporting Computer Vision for 3DCP Bond Strength","National Science Foundation",,"Phase I",SBIR,2537548,2537548,2026-07-01,2027-06-30,"NSF 24-579",2025,2025-07-02,2025-07-01,2026-05-29,M,2026,305000.0000,C564ENTZC2D5,118868184,N,N,N,3,https://www.artx.us,"208 RUTHERGLEN DR",,CARY,"North Carolina",27511-7904,"  ",,,,"Ladson M Brearley",,704-907-6588,Ladson@ARtx.us,,"  ",
"BONNE TERRE CONSULTING LLC","SBIR Phase I: Automated Semantic Tagging for Tracking High-Impact Financial Flows","National Science Foundation",,"Phase I",SBIR,2537954,2537954,2026-07-01,2027-06-30,"NSF 24-579",2025,2025-07-02,2025-07-02,2026-05-29,ET,2026,304994.0000,G6GXTA18HVA9,,U,U,U,1,,"309 HOLLAND LN UNIT 128",,ALEXANDRIA,Virginia,22314-6106,"  ",,,,"Monica C Sanders",,703-688-3170,"monica@bonneterrelabs.com",,"  ",
"Editpep, Inc.","SBIR Phase I: Development of Brain-penetrant Non-viral Genome-editing Therapies for Central Nervous System Disorders","National Science Foundation",,"Phase I",SBIR,2604362,2604362,2026-07-01,2027-06-30,"NSF 24-579",2025,2025-11-05,2025-11-04,2026-05-29,BM,2026,304994.0000,C93UKALYGDF7,,N,N,N,5,www.editpep.bio,"2625 Durant Ave",,Berkeley,California,94720,"  ",,,,"Dana  Foss",,510-679-7827,dana@editpep.bio,,"  ",
"HaloGen Power, Inc","SBIR Phase I: High-Energy Primary Battery Chemistry Powering Next-Generation Wearable Devices","National Science Foundation",,"Phase I",SBIR,2538000,2538000,2026-06-29,2027-06-30,"NSF 24-579",2025,2025-07-02,2025-07-02,2026-05-28,EN,2026,305000.0000,GGDTGYGLFLM5,,N,N,Y,1,halogenpower.com,"123 N Gilbert Ave",,"La Grange",Illinois,60525,"  ",,,,"Haining  Gao",,617-230-2611,gaoh@halogenpower.com,,"  ",
"LEPIDEXT, INC.","SBIR Phase I: Accelerated Discovery of Species-Specific Sterilizing Viral Biopesticides","National Science Foundation",,"Phase I",SBIR,2537778,2537778,2026-06-25,2027-06-30,"NSF 24-579",2025,2025-07-02,2025-07-02,2026-05-29,BT,2026,305000.0000,NQA9H9Z389N4,079840173,N,N,N,7,https://www.lepidext.com,"1122 OAK HILL DR",,LEXINGTON,Kentucky,40505-3322,"  ",,,,"Mary C Wallace",,859-333-0485,"mary.wallace497@gmail.com",,"  ",
"Renewcat, Inc.","SBIR Phase I: Catalytic Conversion of Secondary Source Polyvinyl Chloride into Higher-Value Hydrocarbon Waxes","National Science Foundation",,"Phase I",SBIR,2604345,2604345,2026-06-25,2027-06-30,"NSF 24-579",2025,2025-11-05,2025-11-03,2026-05-29,CT,2026,304524.0000,Y7T7W447KXL9,,N,N,N,3,,"2210 NW 29th St",,Corvallis,Oregon,97330-1244,"  ",,,,"Scott R Svadlenak",,503-569-5949,scottsvadlenak@gmail.com,,"  ",
"Ichor Biologics LLC","SBIR Phase I: A Platform to Decode Disease-Specific Immune Responses to Accelerate Drug Discovery and Clinical Decision-Making","National Science Foundation",,"Phase I",SBIR,2604271,2604271,2026-06-25,2027-06-30,"NSF 24-579",2025,2025-11-05,2025-11-03,2026-05-29,BT,2026,305000.0000,K7HRH5JERRB7,080765453,N,N,N,3,,"206 E 67TH ST ","Apt 54","New York","New York",10065,"  ",,,,"Raymond  Alvarez",,646-508-1971,"ralvarez@ichorbiologics.com",,"  ",
"Micromedics Inc.","SBIR Phase I: Design and Development of the mPancreas:A Wearable Biomimetically Designed Microfluidic BioArtificial Pancreas","National Science Foundation",,"Phase I",SBIR,2537342,2537342,2026-06-25,2027-06-30,"NSF 24-579",2025,2025-07-02,2025-06-27,2026-05-29,MD,2026,304926.0000,N9L1LKF92JJ5,,N,Y,N,2,,"5826 Shirley Ave",,Tarzana,California,91356-1036,"  ",,,,"Mordechai S Nosrati",,213-804-5096,"micromedicsinc26@gmail.com",,"  ",
"CNC CONCRETE HOMES LLC","SBIR Phase I: Dispatchable Thermal Energy Storage with Foundation-Integrated Phase Change Materials","National Science Foundation",,"Phase I",SBIR,2605097,2605097,2026-06-25,2027-12-31,"NSF 24-579",2025,2025-11-05,2025-11-05,2026-05-29,EN,2026,304976.0000,ZUUJY5S4JBG9,,U,U,U,3,,"1405 4TH AVE N",,FARGO,"North Dakota",58102-4233,"  ",,,,"Dan  Hokanson",,701-866-4300,danhoky@gmail.com,,"  ",
"PARMAN TECH, Inc","SBIR Phase I: An instrument for Analysis and Purification of Nanoparticle Drug Delivery Using an Novel Optical Resonator","National Science Foundation",,"Phase I",SBIR,2538046,2538046,2026-06-25,2027-06-30,"NSF 24-579",2025,2025-07-02,2025-07-02,2026-05-29,IH,2026,304996.0000,TVS1Q7TMQJU7,111408922,N,N,N,3,www.parmantech.com,"815 14th St SW","Unit C250",Loveland,Colorado,80537,"  ",,,,"John J Curry",,240-405-9670,jjcurry@parmantech.com,,"  ",
"Caleo Biotechnologies, Inc.","SBIR Phase I: Accelerating Targeted Therapies for Colitis-Associated Cancer Using Patient-Derived Human Tissue Models","National Science Foundation",,"Phase I",SBIR,2605113,2605113,2026-06-25,2027-06-30,"NSF 24-579",2025,2025-11-05,2025-11-05,2026-05-29,PT,2026,289435.0000,WBE4GYZYAPK4,,N,Y,Y,3,"https://caleobiotechnologies.com","11880 LITTLE SENECA PKWY",,Clarksburg,Maryland,20871,"  ",,,,"Samaneh  Kamali",,240-449-4506,kamali.sam@gmail.com,,"  ",
"AICONIC BIOSCIENCES LLC","SBIR Phase I: A Novel Gene Therapy Platform to Overcome AAV Cargo Size Limitations","National Science Foundation",,"Phase I",SBIR,2604905,2604905,2026-06-25,2027-12-31,"NSF 24-579",2025,2025-11-05,2025-11-04,2026-05-28,BM,2026,305000.0000,KR25WGJ9CH58,,N,N,N,2,,"4890 SUNROAD CENTRUM LN APT 322",,"SAN DIEGO",California,92123-2014,"  ",,,,"Volkan  Ergin",,951-462-8648,volkanergin@gmail.com,,"  ",
"SET THERAPEUTICS INC","SBIR Phase I: Isolating and Reformatting Immune Receptors into Targeting Therapies for Oncology, Auto-Immunity, and Infectious Diseases","National Science Foundation",,"Phase I",SBIR,2537433,2537433,2026-06-23,2027-06-30,"NSF 24-579",2025,2025-07-02,2025-06-30,2026-05-29,PT,2026,305000.0000,TJ7QJLPM1JM6,,U,U,U,3,,"65 HALL AVE",,SOMERVILLE,Massachusetts,02144-2003,"  ",,,,"James A Rakestraw",,617-767-6449,arakestraw@settx.bio,,"  ",
"Visionary Training Resources","SBIR Phase I: FlowStateVR","National Science Foundation",,"Phase I",SBIR,2537835,2537835,2026-06-23,2027-03-31,"NSF 24-579",2025,2025-07-02,2025-07-02,2026-05-29,AV,2026,304702.0000,FHX9T5ABTW85,,N,N,Y,5,vtrvr.com,"3030 North Rocky Point Dr., Suite 150",,Tampa,Florida,33607,"  ",,,,"Aki  Nikolaidis",,908-328-2856,"g.aki.nikolaidis@gmail.com",,"  ",
"MOTIBERA, INC.","SBIR Phase I: Twin Bearingless Motor with Integrated Thrust and Radial Suspension","National Science Foundation",,"Phase I",SBIR,2538100,2538100,2026-06-23,2027-09-30,"NSF 24-579",2025,2025-07-02,2025-07-02,2026-05-29,EN,2026,305000.0000,CU7YHVCRM881,,N,N,N,2,motibera.com,"3330 Marsh Rd",,Madison,Wisconsin,53718,"  ",,,,"Nathan  Petersen",,217-649-4461,nathan@motibera.com,,"  ",
"AK INNOVATIONS LLC","SBIR Phase I: On-chip Real-Time RF Interference Detector","National Science Foundation",,"Phase I",SBIR,2537652,2537652,2026-06-23,2027-12-31,"NSF 24-579",2025,2025-07-02,2025-07-01,2026-05-29,W,2026,305000.0000,TVNLYNEXB2L5,,N,N,N,3,https://philowave.tech/,"1281 Win Hentschel Blvd",,"West Lafayette",Indiana,47906,"  ",,,,"Mohammad  Abu Khater",,765-337-7121,mabukhater@ieee.org,,"  ",
"PaveX LLC","SBIR Phase I: AI-enabled Affordable and Autonomous Road Condition Assessment System","National Science Foundation",,"Phase I",SBIR,2537992,2537992,2026-06-23,2027-12-31,"NSF 24-579",2025,2025-07-02,2025-07-02,2026-05-29,MO,2026,305000.0000,PWDSF91QQJR3,,N,N,N,1,,"97 Gardenia Drive",,"West Lafayette",Indiana,47906,"  ",,,,"Mohammad Reza R Jahanshahi",,213-321-1046,pavex.llc@gmail.com,,"  ",
"DELEON TECHNOLOGIES LLC","SBIR Phase I: Enabling Daily Personalized Metabolomics with Low-Cost Capillary Electrophoresis","National Science Foundation",,"Phase I",SBIR,2537730,2537730,2026-06-23,2027-06-30,"NSF 24-579",2025,2025-07-02,2025-07-02,2026-05-29,IH,2026,305000.0000,HTG5ZRVCG9Z3,,N,N,N,5,deleon-omics.com,"1220 Mecaslin Street NW, Apt 2337",,Atlanta,Georgia,30318,"  ",,,,"Chad I Pozarycki",,201-289-2665,chad.ian.poz@gmail.com,,"  ",
"DOTTIR LABS, INC","SBIR Phase I: Centralized Raman Spectroscopy for Process Optimization","National Science Foundation",,"Phase I",SBIR,2537173,2537173,2026-06-23,2027-06-30,"NSF 24-579",2025,2025-07-02,2025-06-26,2026-05-29,IH,2026,305000.0000,MQ6XFPDHMSR3,,N,N,Y,2,www.dottirlabs.com,"640 WASHINGTON ST APT 2",,BROOKLINE,Massachusetts,02446-4551,"  ",,,,"Nili  Persits",,617-710-9232,nili@dottirlabs.com,,"  ",
"Rare Earth Genomics Texas, LLC","SBIR Phase I: Developing 'SAFE' (Smart-Activity-Focused-Eco) Plant Terpenoid Derived Biopesticides","National Science Foundation",,"Phase I",SBIR,2528163,2528163,2026-06-18,2027-06-30,"NSF 24-579",2025,2025-03-05,2025-03-05,2026-05-29,M,2026,305000.0000,VZEVKW1YUJJ9,,N,N,N,15,,"5005 Riverway Dr Ste 440",,Houston,Texas,77056,"  ",,,,"Ian  McGrath",,512-922-3156,"ian.mcgrath@rareearthgenomics.com",,"  ",
"EMPIRI, Inc","SBIR Phase II: A Cancer Diagnostic Instrument to Measure Empirical Treatment Response","National Science Foundation",,"Phase II",SBIR,2538079,2538079,2026-06-18,2028-06-30,"NSF 24-580",2025,2025-07-02,2025-07-02,2026-06-16,BM,2026,1249794.0000,JFK5MSSBKH33,,N,N,Y,2,,"3 Hermann Museum Circle Dr., ","unit 2401",Houston,Texas,77004,"  ",,,,"David  Gallup",,650-255-9761,dgallup@empiricancer.com,,"  ",
"EXPERCEPTION LLC","SBIR Fast-Track: A Proprietary Argumentation Heuristic Framework for Structured Reasoning and Logic Evaluation in Presentation Authoring","National Science Foundation",,"Phase I",SBIR,2605171,2605171,2026-06-18,2029-06-30,"NSF 24-582",2025,2025-11-05,2025-11-05,2026-06-02,LC,2026,1554830.0000,R4RSMVJHPDX8,,N,N,N,1,,"807 DAVIS ST","UNIT 1606",EVANSTON,Illinois,60201,"  ",,,,"Steven  Franconeri",,224-616-1430,steve@becise.com,,"  ",
"GRADED GAMING, LLC","SBIR Phase I: Introducing Riley: A Co-Designed AI Teacher Powered by Natural Language Processing for CTE Success","National Science Foundation",,"Phase I",SBIR,2533900,2533900,2026-06-18,2027-12-31,"NSF 24-579",2025,2025-07-02,2025-05-02,2026-05-29,LC,2026,304991.0000,ZQ6DYA2HHR34,,N,N,N,6,"http://www.GradEdGaming.com/","4406 Windy Oaks Rd",,LOUISVILLE,Kentucky,40241,"  ",,,,"Joshua D Covington",,502-882-0502,josh@gradedgaming.com,,"  ",
"Living Sensors Inc","SBIR Phase I: Engineering Living Sensors to Reveal Environmental Threats","National Science Foundation",,"Phase I",SBIR,2537955,2537955,2026-06-17,2027-06-30,"NSF 24-582",2025,2025-07-02,2025-07-02,2026-05-28,BT,2026,305000.0000,T3GSNEZSXSH8,,N,N,N,2,livingsensors.bio,"1235 San Cristobal Dr.",,Riverside,California,92506,"  ",,,,"Michael J Prigge",,858-900-1877,michaelprigge@gmail.com,,"  ",
"VAYUH INC","SBIR Phase II:  Combining Physics and AI for Enhanced Risk Assessment","National Science Foundation",,"Phase II",SBIR,2528178,2528178,2026-06-17,2028-06-30,"NSF 24-580",2025,2025-03-05,2025-03-05,2026-06-10,AA,2026,1250000.0000,LMHUS3YZNQ93,,N,N,N,6,,"465 40TH ST","APT A",OAKLAND,California,94609-2586,"  ",,,,"Mayur  Mudigonda",,517-575-8900,mayur@vayuh.ai,,"  ",
"Synlibris, Inc.","SBIR Phase I: Platform for Continuous Evolution of Helper Genes to Enable High-Yield Protein Biomanufacturing","National Science Foundation",,"Phase I",SBIR,2545668,2545668,2026-06-17,2027-06-30,"NSF 24-579",2025,2025-11-05,2025-08-04,2026-05-28,BT,2026,304957.0000,W833A5GWX725,,U,U,U,2,,"29 Pleasant St","Apt 1",Cambridge,Massachusetts,02139,"  ",,,,"Alexander V Pisera",,617-538-6993,olek@synlibris.com,,"  ",
"Resolet LLC","SBIR Phase I: Development of a Compact Magnetic Resonance Relaxometry Sensor Operating at 0.1 Tesla for Measuring Iohexol Concentration in Blood Samples","National Science Foundation",,"Phase I",SBIR,2605121,2605121,2026-06-17,2027-06-30,"NSF 24-579",2025,2025-11-05,2025-11-05,2026-05-28,BM,2026,305000.0000,U1N7DRVD12Z4,,N,N,N,4,,"38 W Main St",,Carmel,Indiana,46032,"  ",,,,"David C Gross",,765-404-4692,david.gross@resolet.com,,"  ",
"Noara Therapeutics Corp","SBIR Phase I: Leveraging Sequence-Structure-Function Relationships to Improve RNA Therapeutics","National Science Foundation",,"Phase I",SBIR,2538015,2538015,2026-06-17,2027-06-30,"NSF 24-579",2025,2025-07-02,2025-07-02,2026-05-28,BT,2026,305000.0000,VETQU8BHRZT7,,N,N,N,1,,"75 Carroll Street","Unit 1",Watertown,Massachusetts,02472,"  ",,,,"Mehdi  Pirouz",,617-233-9151,Mehdi@noaratx.com,,"  ",
"FORM FINDING STUDIO LLC","SBIR Phase II: Computer-Aided Design Software for Novel Geometric-Inspired Engineering and Manufacturing","National Science Foundation",,"Phase II",SBIR,2537447,2537447,2026-06-17,2028-06-30,"NSF 24-580",2025,2025-07-02,2025-06-30,2026-06-03,M,2026,1250000.0000,W99XB12TL3H4,,N,N,Y,1,,"2116 Chestnut St Unit 1402",,Philadelphia,Pennsylvania,19103-4545,"  ",,,,"Amanda  Ghassaei",,267-282-1351,amandaghassaei@gmail.com,,"  ",
"RayLife Inc.","SBIR Phase I: Development of Novel Optoelectronics Technology for Non-Invasive, Continuous Blood Glucose Monitoring","National Science Foundation",,"Phase I",SBIR,2537536,2537536,2026-06-17,2027-06-30,"NSF 24-579",2025,2025-07-02,2025-06-30,2026-05-29,BM,2026,304898.0000,RHS3E4BWRJ54,,N,N,N,2,https://raylife.co/,"12 Channel St","Suite 202",Boston,Massachusetts,02210,"  ",,,,"Mohsen  Zaeimbashi",,617-480-8567,mohsen@raylife.co,,"  ",
"Cultimar Technologies, Inc","SBIR Phase I: Introduction of a Novel Chemical Protein Filtration Method for Aquaculture Production","National Science Foundation",,"Phase I",SBIR,2537706,2537706,2026-06-17,2028-02-29,"NSF 24-579",2025,2025-07-02,2025-07-01,2026-05-28,BT,2026,304645.0000,VCJULPS1GLB3,,Y,Y,N,3,,"559 CALLE CUEVILLAS",,"SAN JUAN","Puerto Rico",00907-2535,"  ",,,,"David  Miranda",,787-646-2097,"dmiranda@cultimartechnologies.com",,"  ",
"Spectral Therapeutics, INC.","SBIR Phase I: A Faster, Cheaper Way to Discover New Drugs: Using Tiny Laser Barcodes to Test Millions of Compounds","National Science Foundation",,"Phase I",SBIR,2528478,2528478,2026-06-17,2027-03-31,"NSF 24-579",2025,2025-07-02,2025-03-06,2026-05-29,PT,2026,304950.0000,JFRGJLM28J55,,N,N,N,4,"https://www.spectraltx.com","865 ROSE RANCH RD",,"SAN MARCOS",California,92069-1122,"  ",,,,"Ramesh  Ramji",,203-809-4625,ramesh@spectraltx.com,,"  ",
"Stemora Inc","SBIR Phase I: Biochemical Modulation of Resident Skeletal Stem Cells for In Vivo Hyaline Cartilage Regeneration","National Science Foundation",,"Phase I",SBIR,2604938,2604938,2026-06-17,2027-06-30,"NSF 24-579",2025,2025-11-05,2025-11-05,2026-05-28,BM,2026,305000.0000,EZB9UWWKAVU7,,U,Y,Y,1,stemorabio.com,"5042 Gaithers Chance Dr",,Clarksville,Maryland,21029,"  ",,,,"Srujana  Cherukuri",,301-642-7826,"srujana.cherukuri@outlook.com",,"  ",
"LABFORINVENTION CORP","SBIR Phase II: Scalable Manufacturing Technology for Mobile Signal Penetrating Low-Emissivity Windows","National Science Foundation",,"Phase II",SBIR,2528331,2528331,2026-06-17,2028-06-30,"NSF 24-580",2025,2025-03-05,2025-03-05,2026-06-03,PH,2026,1248176.0000,GGCHTWA1NME7,,N,N,N,3,"https://www.labforinvention.com","3711 YALE WAY",,FREMONT,California,94538-6188,"  ",,,,"Guowen  Ding",,408-439-7594,ding@labforinvention.com,,"  ",
"Heat2Power Inc.","SBIR Phase I: Upscaling Air-Bridge Thermophotovoltaics for Thermal Batteries","National Science Foundation",,"Phase I",SBIR,2507476,2507476,2026-06-17,2027-06-30,"NSF 24-579",2024,2024-11-06,2024-11-06,2026-05-29,EN,2026,305000.0000,J15AUHN6ZAD5,,N,N,N,2,,"2121 Devonshire Rd",,"Ann Arbor",Michigan,48104-4059,"  ",,,,"Sean  McSherry",,267-337-3033,mcsherry@heat2power.us,,"  ",
"AmyGo Solutions","SBIR Phase I: Development of a Blood Test for the Detection of Transthyretin Amyloidosis","National Science Foundation",,"Phase I",SBIR,2537128,2537128,2026-06-17,2027-08-31,"NSF 24-579",2025,2025-07-02,2025-06-25,2026-05-29,BM,2026,304643.0000,KXZGDHWW3RA6,,N,N,Y,5,www.amygosolutions.com,"2006 OLA LN",,"GRAND PRAIRIE",Texas,75050,"  ",,,,"Rose  Pedretti",,631-560-4906,"rpedretti@amygosolutions.com",,"  ",
"Endure Biotherapeutics, Inc.","SBIR Phase I: A Novel Precision Microbiome Therapy for Phenylketonuria","National Science Foundation",,"Phase I",SBIR,2538091,2538091,2026-06-17,2026-12-31,"NSF 24-579",2025,2025-07-02,2025-07-02,2026-05-28,BM,2026,305000.0000,J63ZBR8YEXS2,,N,N,N,3,,"7704 CORTE VIOLETA",,CARLSBAD,California,92009-9340,"  ",,,,"Gilbert  Keller",,858-752-9003,"EndureBioSbirPI@gmail.com",,"  ",
"SWAY INNOVATION CO.","SBIR Phase II: Affordable, Scalable, and Compostable Solution for Flexible Plastic Packaging","National Science Foundation",,"Phase II",SBIR,2528434,2528434,2026-06-17,2028-06-30,"NSF 24-580",2025,2025-03-05,2025-03-05,2026-05-28,AM,2026,1146638.0000,YJ22N71BJD33,,U,N,Y,9,"https://swaythefuture.com/","1743 ADDISON STREET",,BERKELEY,California,94703-1501,"  ",,,,"Matthew  Catarino",,978-395-6695,"mattcatarino@swaythefuture.com",,"  ",
"NEXUMA L.L.C.","SBIR Phase II: Microbially-Driven Underground Barrier to Reduce Flooding in Coastal Communities","National Science Foundation",,"Phase II",SBIR,2604891,2604891,2026-06-17,2028-06-30,"NSF 24-580",2025,2025-11-05,2025-11-04,2026-06-02,ET,2026,1149796.0000,FWS3DN749AD8,,U,U,U,0,,"17105 N Bay Rd","APT B610","Sunny Isles Beach",Florida,,"  ",,,,"Alexander B Suma",,631-740-6878,alexander@nexuma.co,,"  ",
"LUMISTRAIN, INC.","SBIR Fast-Track: Strain Sensing Smart Skin (S4) for Structural Testing and Health Monitoring","National Science Foundation",,"Phase I",SBIR,2537663,2537663,2026-06-17,2029-06-30,"NSF 24-582",2025,2025-07-02,2025-07-01,2026-05-28,IH,2026,1549408.0000,F8AKSYPGZJB3,,N,N,N,3,www.lumi-strain.com,"5252 Westchester St","Suite 140",Houston,Texas,77005,"  ",,,,"Wei  Meng",,832-834-2752,wei.meng@lumi-strain.com,,"  ",
"Singular Immune, Inc.","SBIR Phase I: Novel Protein-Based Platform for In Vivo Chimeric Antigen Receptor (CAR) Generation","National Science Foundation",,"Phase I",SBIR,2605160,2605160,2026-06-17,2027-06-30,"NSF 24-579",2025,2025-11-05,2025-11-05,2026-05-28,BM,2026,304909.0000,HV7ZEPQNJ2D3,,N,N,N,3,,"3060 Pegasus Park Dr, Building 6",,Dallas,Texas,75247,"  ",,,,"Seungmin  Han",,520-334-5814,shan@singularimmune.com,,"  ",
"NanoFresh LLC","SBIR Phase I: Nanocomposite Coating to Extend Shelf-Life of Produce","National Science Foundation",,"Phase I",SBIR,2538112,2538112,2026-06-17,2027-06-30,"NSF 24-579",2025,2025-07-02,2025-07-02,2026-05-29,CT,2026,305000.0000,VAS1TU2M9JT3,,N,N,Y,1,,"2630 Bissonnet St Apt 1325",,Houston,Texas,77005,"  ",,,,"Neethu  Pottackal",,732-763-4487,nanofresh7@gmail.com,,"  ",
"Refibered, Inc.","SBIR Phase II: Automated Textile Sorting Systems for Precision Resale and Closed-Loop Material Flow","National Science Foundation",,"Phase II",SBIR,2605152,2605152,2026-06-03,2028-05-31,"NSF 24-580",2025,2025-11-05,2025-11-05,2026-05-28,ET,2026,1248225.0000,J1CLCHUB7VH5,117805708,N,N,Y,3,,"10235 Byrne Ave",,Cupertino,California,95014,"  ",,,,"Sarika  Bajaj",,408-510-0821,14sarikabajaj@gmail.com,,"  ",
"Materialize Bio, Inc.","SBIR Phase II: Bioengineered Next-Generation Tympanostomy Tubes to Improve Patient Outcomes","National Science Foundation",,"Phase II",SBIR,2604767,2604767,2026-06-03,2028-05-31,"NSF 24-580",2025,2025-11-05,2025-11-04,2026-05-28,BM,2026,1250000.0000,C3ZSVA4QXSQ4,,N,N,N,2,,"7 COLLEGE HILL RD",,SOMERVILLE,Massachusetts,02144-1219,"  ",,,,"Joanna  Xylas",,201-887-4707,"jxylas@materializebio.com",,"  ",
"NEURALTRAK, INC","SBIR Phase II: AI-Powered Low-dose, Low-cost, High-Quality Computed Tomography (CT) Imaging","National Science Foundation",,"Phase II",SBIR,2604163,2604163,2026-06-03,2028-05-31,"NSF 24-580",2025,2025-11-05,2025-11-01,2026-05-28,BM,2026,1250000.0000,XHJSFKKWBDU5,,N,N,Y,2,https://neuraltrak.com/,"511 LASSEN ST",,"LOS ALTOS",California,94022-3911,"  ",,,,"Linxi  Shi",,508-369-5989,linxit@neuraltrak.com,,"  ",
"ASIMICA, INC.","SBIR Phase II: Microbial Stem Cell Technology for High-Yield Terpene Biomanufacturing","National Science Foundation",,"Phase II",SBIR,2528068,2528068,2026-06-03,2028-05-31,"NSF 24-580",2025,2025-03-05,2025-03-05,2026-05-28,BT,2026,1250000.0000,XGBAQ1QEXXU1,116908870,U,N,N,2,https://www.asimica.com/,"1938 Harney St Ste 305",,Laramie,Wyoming,82072-3037,"  ",,,,"Nikolai  Mushnikov",,307-761-2329,sbir@asimica.com,,"  ",
"SIT SENSE INC","SBIR Fast-Track: Reducing Hospital-Acquired Pressure Injuries and Workforce Strain Through Automated Repositioning Technology","National Science Foundation",,"Phase I",SBIR,2528135,2528135,2026-06-02,2029-05-31,"NSF 24-582",2025,2025-03-05,2025-03-05,2026-05-28,S,2026,1555000.0000,HHPXHLL79HM4,,N,N,N,2,,"2530 Marmon Court",,"East Lansing",Michigan,48823,"  ",,,,"Justin  Scott",,609-915-0881,jds112793@gmail.com,,"  ",
"FLO Materials, Inc.","SBIR Phase II: Dynamic Covalent Polymers for Transition to Closed-loop Plastics Economy","National Science Foundation",,"Phase II",SBIR,2538148,2538148,2026-05-28,2028-05-31,"NSF 24-580",2025,2025-07-02,2025-07-02,2026-05-26,CT,2026,1250000.0000,EJX7DD2J4V58,,N,N,Y,2,,"29 Braun Ct",,Sausalito,California,94965-1174,"  ",,,,"Kezi  Cheng",,347-631-7147,kezi@flomaterials.co,,"  ",
"BUSEK CO., INC.","Compact Stored Propellant Propulsion System for VLEO Satellites","Department of Defense","Air Force","Phase II",SBIR,F2D-19027,FA2541-26-C-B007,2026-01-23,2027-07-22,25.4,2025,2025-06-25,2025-06-25,2025-07-25,SF254-D803,2026,1699936.2400,SATYSBWG3FL7,184629491,N,N,N,110,http://www.busek.com,"11 TECH CIR",,NATICK,Massachusetts,01760-1023,"David  Bilyeu",,6612755707,"david.bilyeu.1@spaceforce.mil","James  Szabo",,5086555565,jszabo@busek.com,,"  ",
"Aspect Aerospace","Single Board Satellite for VLEO SBEM","Department of Defense","Air Force","Phase II",SBIR,F2D-19184,FA2541-26-C-B005,2026-01-23,2027-07-22,25.4,2025,2025-06-25,2025-06-25,2025-07-29,SF254-D802,2026,1888175.8800,EG11EFGQMVL3,,N,N,N,10,www.aspectaerospace.com,"452 Government St Unit B",,"Mobile, AL",Alabama,36602,"Chris  Annesley",,5058461042,"christopher.annesley.1@spaceforce.mil","Drew  Russ",,2514904984,"drew.russ@aspectaerospace.com",,"  ",
"OBLATE OPTICS INC","Inverse-designed lightweight, planar focus lenses for Vis to LWIR hyperspectral imaging","Department of Defense","Air Force","Phase II",SBIR,F241-0013-0468,FA9550-26-C-B001,2026-01-23,2028-01-22,24.1,2024,2024-02-21,2025-05-15,2025-07-15,SF241-0013,2026,1799387.3100,NNYJCB59JDB9,080947057,N,N,N,2,,"5270 VIA TALAVERA",,"SAN DIEGO",California,92130,"Renee  Allen",,7035881779,renee.allen.3@us.af.mil,"Nicole  Brimhall",,7205794531,niki@oblateoptics.com,,"  ",
